query_id,category,strict_reference_cypher,relaxed_reference_cypher
q043,aggregate,"MATCH (l:Location {prefecture_en:'Akita Prefecture'})<-[:LOCATED_AT]-(s:Station)<-[:RECORDED_BY]-(p:ObservedPM25)-[:OBSERVED_AT]->(t:ObservationTime {season:'Winter',year:2024}) WHERE p.pm25 >= 0 AND p.pm25 <= 500 RETURN round(avg(p.pm25),2) AS avg_pm25, max(p.pm25) AS max_pm25, count(p) AS n","MATCH (l:Location {prefecture_en:'Akita Prefecture'})<-[:LOCATED_AT]-(s:Station)<-[:RECORDED_BY]-(p:ObservedPM25)-[:OBSERVED_AT]->(t:ObservationTime {season:'Winter',year:2024}) RETURN round(avg(p.pm25),2) AS avg_pm25, max(p.pm25) AS max_pm25, count(p) AS n"
q044,aggregate,"MATCH (l:Location {prefecture_en:'Kumamoto Prefecture'})<-[:LOCATED_AT]-(s:Station)<-[:RECORDED_BY]-(p:ObservedPM25)-[:OBSERVED_AT]->(t:ObservationTime {season:'Winter',year:2022}) WHERE p.pm25 >= 0 AND p.pm25 <= 500 RETURN round(avg(p.pm25),2) AS avg_pm25, max(p.pm25) AS max_pm25, count(p) AS n","MATCH (l:Location {prefecture_en:'Kumamoto Prefecture'})<-[:LOCATED_AT]-(s:Station)<-[:RECORDED_BY]-(p:ObservedPM25)-[:OBSERVED_AT]->(t:ObservationTime {season:'Winter',year:2022}) RETURN round(avg(p.pm25),2) AS avg_pm25, max(p.pm25) AS max_pm25, count(p) AS n"
q045,aggregate,"MATCH (l:Location {prefecture_en:'Nagasaki Prefecture'})<-[:LOCATED_AT]-(s:Station)<-[:RECORDED_BY]-(p:ObservedPM25)-[:OBSERVED_AT]->(t:ObservationTime {season:'Winter',year:2021}) WHERE p.pm25 >= 0 AND p.pm25 <= 500 RETURN round(avg(p.pm25),2) AS avg_pm25, max(p.pm25) AS max_pm25, count(p) AS n","MATCH (l:Location {prefecture_en:'Nagasaki Prefecture'})<-[:LOCATED_AT]-(s:Station)<-[:RECORDED_BY]-(p:ObservedPM25)-[:OBSERVED_AT]->(t:ObservationTime {season:'Winter',year:2021}) RETURN round(avg(p.pm25),2) AS avg_pm25, max(p.pm25) AS max_pm25, count(p) AS n"
q046,aggregate,"MATCH (l:Location {prefecture_en:'Oita Prefecture'})<-[:LOCATED_AT]-(s:Station)<-[:RECORDED_BY]-(p:ObservedPM25)-[:OBSERVED_AT]->(t:ObservationTime {season:'Summer',year:2019}) WHERE p.pm25 >= 0 AND p.pm25 <= 500 RETURN round(avg(p.pm25),2) AS avg_pm25, max(p.pm25) AS max_pm25, count(p) AS n","MATCH (l:Location {prefecture_en:'Oita Prefecture'})<-[:LOCATED_AT]-(s:Station)<-[:RECORDED_BY]-(p:ObservedPM25)-[:OBSERVED_AT]->(t:ObservationTime {season:'Summer',year:2019}) RETURN round(avg(p.pm25),2) AS avg_pm25, max(p.pm25) AS max_pm25, count(p) AS n"
q048,aggregate,"MATCH (l:Location {prefecture_en:'Shimane Prefecture'})<-[:LOCATED_AT]-(s:Station)<-[:RECORDED_BY]-(p:ObservedPM25)-[:OBSERVED_AT]->(t:ObservationTime {season:'Winter',year:2019}) WHERE p.pm25 >= 0 AND p.pm25 <= 500 RETURN round(avg(p.pm25),2) AS avg_pm25, max(p.pm25) AS max_pm25, count(p) AS n","MATCH (l:Location {prefecture_en:'Shimane Prefecture'})<-[:LOCATED_AT]-(s:Station)<-[:RECORDED_BY]-(p:ObservedPM25)-[:OBSERVED_AT]->(t:ObservationTime {season:'Winter',year:2019}) RETURN round(avg(p.pm25),2) AS avg_pm25, max(p.pm25) AS max_pm25, count(p) AS n"
q049,aggregate,"MATCH (l:Location {prefecture_en:'Ibaraki Prefecture'})<-[:LOCATED_AT]-(s:Station)<-[:RECORDED_BY]-(p:ObservedPM25)-[:OBSERVED_AT]->(t:ObservationTime {season:'Winter',year:2019}) WHERE p.pm25 >= 0 AND p.pm25 <= 500 RETURN round(avg(p.pm25),2) AS avg_pm25, max(p.pm25) AS max_pm25, count(p) AS n","MATCH (l:Location {prefecture_en:'Ibaraki Prefecture'})<-[:LOCATED_AT]-(s:Station)<-[:RECORDED_BY]-(p:ObservedPM25)-[:OBSERVED_AT]->(t:ObservationTime {season:'Winter',year:2019}) RETURN round(avg(p.pm25),2) AS avg_pm25, max(p.pm25) AS max_pm25, count(p) AS n"
q050,aggregate,"MATCH (l:Location {prefecture_en:'Mie Prefecture'})<-[:LOCATED_AT]-(s:Station)<-[:RECORDED_BY]-(p:ObservedPM25)-[:OBSERVED_AT]->(t:ObservationTime {season:'Spring',year:2025}) WHERE p.pm25 >= 0 AND p.pm25 <= 500 RETURN round(avg(p.pm25),2) AS avg_pm25, max(p.pm25) AS max_pm25, count(p) AS n","MATCH (l:Location {prefecture_en:'Mie Prefecture'})<-[:LOCATED_AT]-(s:Station)<-[:RECORDED_BY]-(p:ObservedPM25)-[:OBSERVED_AT]->(t:ObservationTime {season:'Spring',year:2025}) RETURN round(avg(p.pm25),2) AS avg_pm25, max(p.pm25) AS max_pm25, count(p) AS n"
q051,aggregate,"MATCH (l:Location {prefecture_en:'Nagasaki Prefecture'})<-[:LOCATED_AT]-(s:Station)<-[:RECORDED_BY]-(p:ObservedPM25)-[:OBSERVED_AT]->(t:ObservationTime {season:'Spring',year:2023}) WHERE p.pm25 >= 0 AND p.pm25 <= 500 RETURN round(avg(p.pm25),2) AS avg_pm25, max(p.pm25) AS max_pm25, count(p) AS n","MATCH (l:Location {prefecture_en:'Nagasaki Prefecture'})<-[:LOCATED_AT]-(s:Station)<-[:RECORDED_BY]-(p:ObservedPM25)-[:OBSERVED_AT]->(t:ObservationTime {season:'Spring',year:2023}) RETURN round(avg(p.pm25),2) AS avg_pm25, max(p.pm25) AS max_pm25, count(p) AS n"
q052,aggregate,"MATCH (l:Location {prefecture_en:'Yamaguchi Prefecture'})<-[:LOCATED_AT]-(s:Station)<-[:RECORDED_BY]-(p:ObservedPM25)-[:OBSERVED_AT]->(t:ObservationTime {season:'Winter',year:2022}) WHERE p.pm25 >= 0 AND p.pm25 <= 500 RETURN round(avg(p.pm25),2) AS avg_pm25, max(p.pm25) AS max_pm25, count(p) AS n","MATCH (l:Location {prefecture_en:'Yamaguchi Prefecture'})<-[:LOCATED_AT]-(s:Station)<-[:RECORDED_BY]-(p:ObservedPM25)-[:OBSERVED_AT]->(t:ObservationTime {season:'Winter',year:2022}) RETURN round(avg(p.pm25),2) AS avg_pm25, max(p.pm25) AS max_pm25, count(p) AS n"
q053,aggregate,"MATCH (l:Location {prefecture_en:'Shiga Prefecture'})<-[:LOCATED_AT]-(s:Station)<-[:RECORDED_BY]-(p:ObservedPM25)-[:OBSERVED_AT]->(t:ObservationTime {season:'Autumn',year:2021}) WHERE p.pm25 >= 0 AND p.pm25 <= 500 RETURN round(avg(p.pm25),2) AS avg_pm25, max(p.pm25) AS max_pm25, count(p) AS n","MATCH (l:Location {prefecture_en:'Shiga Prefecture'})<-[:LOCATED_AT]-(s:Station)<-[:RECORDED_BY]-(p:ObservedPM25)-[:OBSERVED_AT]->(t:ObservationTime {season:'Autumn',year:2021}) RETURN round(avg(p.pm25),2) AS avg_pm25, max(p.pm25) AS max_pm25, count(p) AS n"
q055,aggregate,"MATCH (l:Location {prefecture_en:'Mie Prefecture'})<-[:LOCATED_AT]-(s:Station)<-[:RECORDED_BY]-(p:ObservedPM25)-[:OBSERVED_AT]->(t:ObservationTime {season:'Spring',year:2021}) WHERE p.pm25 >= 0 AND p.pm25 <= 500 RETURN round(avg(p.pm25),2) AS avg_pm25, max(p.pm25) AS max_pm25, count(p) AS n","MATCH (l:Location {prefecture_en:'Mie Prefecture'})<-[:LOCATED_AT]-(s:Station)<-[:RECORDED_BY]-(p:ObservedPM25)-[:OBSERVED_AT]->(t:ObservationTime {season:'Spring',year:2021}) RETURN round(avg(p.pm25),2) AS avg_pm25, max(p.pm25) AS max_pm25, count(p) AS n"
q056,aggregate,"MATCH (l:Location {prefecture_en:'Saitama Prefecture'})<-[:LOCATED_AT]-(s:Station)<-[:RECORDED_BY]-(p:ObservedPM25)-[:OBSERVED_AT]->(t:ObservationTime {season:'Autumn',year:2019}) WHERE p.pm25 >= 0 AND p.pm25 <= 500 RETURN round(avg(p.pm25),2) AS avg_pm25, max(p.pm25) AS max_pm25, count(p) AS n","MATCH (l:Location {prefecture_en:'Saitama Prefecture'})<-[:LOCATED_AT]-(s:Station)<-[:RECORDED_BY]-(p:ObservedPM25)-[:OBSERVED_AT]->(t:ObservationTime {season:'Autumn',year:2019}) RETURN round(avg(p.pm25),2) AS avg_pm25, max(p.pm25) AS max_pm25, count(p) AS n"
q057,aggregate,"MATCH (l:Location {prefecture_en:'Fukuoka Prefecture'})<-[:LOCATED_AT]-(s:Station)<-[:RECORDED_BY]-(p:ObservedPM25)-[:OBSERVED_AT]->(t:ObservationTime {season:'Summer',year:2024}) WHERE p.pm25 >= 0 AND p.pm25 <= 500 RETURN round(avg(p.pm25),2) AS avg_pm25, max(p.pm25) AS max_pm25, count(p) AS n","MATCH (l:Location {prefecture_en:'Fukuoka Prefecture'})<-[:LOCATED_AT]-(s:Station)<-[:RECORDED_BY]-(p:ObservedPM25)-[:OBSERVED_AT]->(t:ObservationTime {season:'Summer',year:2024}) RETURN round(avg(p.pm25),2) AS avg_pm25, max(p.pm25) AS max_pm25, count(p) AS n"
q059,aggregate,"MATCH (l:Location {prefecture_en:'Kyoto Prefecture'})<-[:LOCATED_AT]-(s:Station)<-[:RECORDED_BY]-(p:ObservedPM25)-[:OBSERVED_AT]->(t:ObservationTime {season:'Spring',year:2018}) WHERE p.pm25 >= 0 AND p.pm25 <= 500 RETURN round(avg(p.pm25),2) AS avg_pm25, max(p.pm25) AS max_pm25, count(p) AS n","MATCH (l:Location {prefecture_en:'Kyoto Prefecture'})<-[:LOCATED_AT]-(s:Station)<-[:RECORDED_BY]-(p:ObservedPM25)-[:OBSERVED_AT]->(t:ObservationTime {season:'Spring',year:2018}) RETURN round(avg(p.pm25),2) AS avg_pm25, max(p.pm25) AS max_pm25, count(p) AS n"
q060,aggregate,"MATCH (l:Location {prefecture_en:'Oita Prefecture'})<-[:LOCATED_AT]-(s:Station)<-[:RECORDED_BY]-(p:ObservedPM25)-[:OBSERVED_AT]->(t:ObservationTime {season:'Winter',year:2025}) WHERE p.pm25 >= 0 AND p.pm25 <= 500 RETURN round(avg(p.pm25),2) AS avg_pm25, max(p.pm25) AS max_pm25, count(p) AS n","MATCH (l:Location {prefecture_en:'Oita Prefecture'})<-[:LOCATED_AT]-(s:Station)<-[:RECORDED_BY]-(p:ObservedPM25)-[:OBSERVED_AT]->(t:ObservationTime {season:'Winter',year:2025}) RETURN round(avg(p.pm25),2) AS avg_pm25, max(p.pm25) AS max_pm25, count(p) AS n"
q061,aggregate,"MATCH (l:Location {prefecture_en:'Okinawa Prefecture'})<-[:LOCATED_AT]-(s:Station)<-[:RECORDED_BY]-(p:ObservedPM25)-[:OBSERVED_AT]->(t:ObservationTime {season:'Summer',year:2018}) WHERE p.pm25 >= 0 AND p.pm25 <= 500 RETURN round(avg(p.pm25),2) AS avg_pm25, max(p.pm25) AS max_pm25, count(p) AS n","MATCH (l:Location {prefecture_en:'Okinawa Prefecture'})<-[:LOCATED_AT]-(s:Station)<-[:RECORDED_BY]-(p:ObservedPM25)-[:OBSERVED_AT]->(t:ObservationTime {season:'Summer',year:2018}) RETURN round(avg(p.pm25),2) AS avg_pm25, max(p.pm25) AS max_pm25, count(p) AS n"
q062,aggregate,"MATCH (l:Location {prefecture_en:'Osaka Prefecture'})<-[:LOCATED_AT]-(s:Station)<-[:RECORDED_BY]-(p:ObservedPM25)-[:OBSERVED_AT]->(t:ObservationTime {season:'Winter',year:2023}) WHERE p.pm25 >= 0 AND p.pm25 <= 500 RETURN round(avg(p.pm25),2) AS avg_pm25, max(p.pm25) AS max_pm25, count(p) AS n","MATCH (l:Location {prefecture_en:'Osaka Prefecture'})<-[:LOCATED_AT]-(s:Station)<-[:RECORDED_BY]-(p:ObservedPM25)-[:OBSERVED_AT]->(t:ObservationTime {season:'Winter',year:2023}) RETURN round(avg(p.pm25),2) AS avg_pm25, max(p.pm25) AS max_pm25, count(p) AS n"
q063,aggregate,"MATCH (l:Location {prefecture_en:'Miyagi Prefecture'})<-[:LOCATED_AT]-(s:Station)<-[:RECORDED_BY]-(p:ObservedPM25)-[:OBSERVED_AT]->(t:ObservationTime {season:'Spring',year:2022}) WHERE p.pm25 >= 0 AND p.pm25 <= 500 RETURN round(avg(p.pm25),2) AS avg_pm25, max(p.pm25) AS max_pm25, count(p) AS n","MATCH (l:Location {prefecture_en:'Miyagi Prefecture'})<-[:LOCATED_AT]-(s:Station)<-[:RECORDED_BY]-(p:ObservedPM25)-[:OBSERVED_AT]->(t:ObservationTime {season:'Spring',year:2022}) RETURN round(avg(p.pm25),2) AS avg_pm25, max(p.pm25) AS max_pm25, count(p) AS n"
q064,aggregate,"MATCH (l:Location {prefecture_en:'Miyagi Prefecture'})<-[:LOCATED_AT]-(s:Station)<-[:RECORDED_BY]-(p:ObservedPM25)-[:OBSERVED_AT]->(t:ObservationTime {season:'Spring',year:2021}) WHERE p.pm25 >= 0 AND p.pm25 <= 500 RETURN round(avg(p.pm25),2) AS avg_pm25, max(p.pm25) AS max_pm25, count(p) AS n","MATCH (l:Location {prefecture_en:'Miyagi Prefecture'})<-[:LOCATED_AT]-(s:Station)<-[:RECORDED_BY]-(p:ObservedPM25)-[:OBSERVED_AT]->(t:ObservationTime {season:'Spring',year:2021}) RETURN round(avg(p.pm25),2) AS avg_pm25, max(p.pm25) AS max_pm25, count(p) AS n"
q068,aggregate,"MATCH (l:Location {prefecture_en:'Nagasaki Prefecture'})<-[:LOCATED_AT]-(s:Station)<-[:RECORDED_BY]-(p:ObservedPM25)-[:OBSERVED_AT]->(t:ObservationTime {season:'Autumn',year:2021}) WHERE p.pm25 >= 0 AND p.pm25 <= 500 RETURN round(avg(p.pm25),2) AS avg_pm25, max(p.pm25) AS max_pm25, count(p) AS n","MATCH (l:Location {prefecture_en:'Nagasaki Prefecture'})<-[:LOCATED_AT]-(s:Station)<-[:RECORDED_BY]-(p:ObservedPM25)-[:OBSERVED_AT]->(t:ObservationTime {season:'Autumn',year:2021}) RETURN round(avg(p.pm25),2) AS avg_pm25, max(p.pm25) AS max_pm25, count(p) AS n"
q070,aggregate,"MATCH (l:Location {prefecture_en:'Ibaraki Prefecture'})<-[:LOCATED_AT]-(s:Station)<-[:RECORDED_BY]-(p:ObservedPM25)-[:OBSERVED_AT]->(t:ObservationTime {season:'Spring',year:2022}) WHERE p.pm25 >= 0 AND p.pm25 <= 500 RETURN round(avg(p.pm25),2) AS avg_pm25, max(p.pm25) AS max_pm25, count(p) AS n","MATCH (l:Location {prefecture_en:'Ibaraki Prefecture'})<-[:LOCATED_AT]-(s:Station)<-[:RECORDED_BY]-(p:ObservedPM25)-[:OBSERVED_AT]->(t:ObservationTime {season:'Spring',year:2022}) RETURN round(avg(p.pm25),2) AS avg_pm25, max(p.pm25) AS max_pm25, count(p) AS n"
q071,aggregate,"MATCH (l:Location {prefecture_en:'Iwate Prefecture'})<-[:LOCATED_AT]-(s:Station)<-[:RECORDED_BY]-(p:ObservedPM25)-[:OBSERVED_AT]->(t:ObservationTime {season:'Summer',year:2023}) WHERE p.pm25 >= 0 AND p.pm25 <= 500 RETURN round(avg(p.pm25),2) AS avg_pm25, max(p.pm25) AS max_pm25, count(p) AS n","MATCH (l:Location {prefecture_en:'Iwate Prefecture'})<-[:LOCATED_AT]-(s:Station)<-[:RECORDED_BY]-(p:ObservedPM25)-[:OBSERVED_AT]->(t:ObservationTime {season:'Summer',year:2023}) RETURN round(avg(p.pm25),2) AS avg_pm25, max(p.pm25) AS max_pm25, count(p) AS n"
q073,aggregate,"MATCH (l:Location {prefecture_en:'Saga Prefecture'})<-[:LOCATED_AT]-(s:Station)<-[:RECORDED_BY]-(p:ObservedPM25)-[:OBSERVED_AT]->(t:ObservationTime {season:'Autumn',year:2020}) WHERE p.pm25 >= 0 AND p.pm25 <= 500 RETURN round(avg(p.pm25),2) AS avg_pm25, max(p.pm25) AS max_pm25, count(p) AS n","MATCH (l:Location {prefecture_en:'Saga Prefecture'})<-[:LOCATED_AT]-(s:Station)<-[:RECORDED_BY]-(p:ObservedPM25)-[:OBSERVED_AT]->(t:ObservationTime {season:'Autumn',year:2020}) RETURN round(avg(p.pm25),2) AS avg_pm25, max(p.pm25) AS max_pm25, count(p) AS n"
q074,aggregate,"MATCH (l:Location {prefecture_en:'Kanagawa Prefecture'})<-[:LOCATED_AT]-(s:Station)<-[:RECORDED_BY]-(p:ObservedPM25)-[:OBSERVED_AT]->(t:ObservationTime {season:'Summer',year:2023}) WHERE p.pm25 >= 0 AND p.pm25 <= 500 RETURN round(avg(p.pm25),2) AS avg_pm25, max(p.pm25) AS max_pm25, count(p) AS n","MATCH (l:Location {prefecture_en:'Kanagawa Prefecture'})<-[:LOCATED_AT]-(s:Station)<-[:RECORDED_BY]-(p:ObservedPM25)-[:OBSERVED_AT]->(t:ObservationTime {season:'Summer',year:2023}) RETURN round(avg(p.pm25),2) AS avg_pm25, max(p.pm25) AS max_pm25, count(p) AS n"
q075,aggregate,"MATCH (l:Location {prefecture_en:'Aichi Prefecture'})<-[:LOCATED_AT]-(s:Station)<-[:RECORDED_BY]-(p:ObservedPM25)-[:OBSERVED_AT]->(t:ObservationTime {season:'Winter',year:2023}) WHERE p.pm25 >= 0 AND p.pm25 <= 500 RETURN round(avg(p.pm25),2) AS avg_pm25, max(p.pm25) AS max_pm25, count(p) AS n","MATCH (l:Location {prefecture_en:'Aichi Prefecture'})<-[:LOCATED_AT]-(s:Station)<-[:RECORDED_BY]-(p:ObservedPM25)-[:OBSERVED_AT]->(t:ObservationTime {season:'Winter',year:2023}) RETURN round(avg(p.pm25),2) AS avg_pm25, max(p.pm25) AS max_pm25, count(p) AS n"
q076,aggregate,"MATCH (l:Location {prefecture_en:'Okayama Prefecture'})<-[:LOCATED_AT]-(s:Station)<-[:RECORDED_BY]-(p:ObservedPM25)-[:OBSERVED_AT]->(t:ObservationTime {season:'Winter',year:2019}) WHERE p.pm25 >= 0 AND p.pm25 <= 500 RETURN round(avg(p.pm25),2) AS avg_pm25, max(p.pm25) AS max_pm25, count(p) AS n","MATCH (l:Location {prefecture_en:'Okayama Prefecture'})<-[:LOCATED_AT]-(s:Station)<-[:RECORDED_BY]-(p:ObservedPM25)-[:OBSERVED_AT]->(t:ObservationTime {season:'Winter',year:2019}) RETURN round(avg(p.pm25),2) AS avg_pm25, max(p.pm25) AS max_pm25, count(p) AS n"
q077,aggregate,"MATCH (l:Location {prefecture_en:'Miyagi Prefecture'})<-[:LOCATED_AT]-(s:Station)<-[:RECORDED_BY]-(p:ObservedPM25)-[:OBSERVED_AT]->(t:ObservationTime {season:'Winter',year:2020}) WHERE p.pm25 >= 0 AND p.pm25 <= 500 RETURN round(avg(p.pm25),2) AS avg_pm25, max(p.pm25) AS max_pm25, count(p) AS n","MATCH (l:Location {prefecture_en:'Miyagi Prefecture'})<-[:LOCATED_AT]-(s:Station)<-[:RECORDED_BY]-(p:ObservedPM25)-[:OBSERVED_AT]->(t:ObservationTime {season:'Winter',year:2020}) RETURN round(avg(p.pm25),2) AS avg_pm25, max(p.pm25) AS max_pm25, count(p) AS n"
q080,aggregate,"MATCH (l:Location {prefecture_en:'Gunma Prefecture'})<-[:LOCATED_AT]-(s:Station)<-[:RECORDED_BY]-(p:ObservedPM25)-[:OBSERVED_AT]->(t:ObservationTime {season:'Summer',year:2024}) WHERE p.pm25 >= 0 AND p.pm25 <= 500 RETURN round(avg(p.pm25),2) AS avg_pm25, max(p.pm25) AS max_pm25, count(p) AS n","MATCH (l:Location {prefecture_en:'Gunma Prefecture'})<-[:LOCATED_AT]-(s:Station)<-[:RECORDED_BY]-(p:ObservedPM25)-[:OBSERVED_AT]->(t:ObservationTime {season:'Summer',year:2024}) RETURN round(avg(p.pm25),2) AS avg_pm25, max(p.pm25) AS max_pm25, count(p) AS n"
q081,aggregate,"MATCH (l:Location {prefecture_en:'Hokkaido Prefecture'})<-[:LOCATED_AT]-(s:Station)<-[:RECORDED_BY]-(p:ObservedPM25)-[:OBSERVED_AT]->(t:ObservationTime {season:'Summer',year:2023}) WHERE p.pm25 >= 0 AND p.pm25 <= 500 RETURN round(avg(p.pm25),2) AS avg_pm25, max(p.pm25) AS max_pm25, count(p) AS n","MATCH (l:Location {prefecture_en:'Hokkaido Prefecture'})<-[:LOCATED_AT]-(s:Station)<-[:RECORDED_BY]-(p:ObservedPM25)-[:OBSERVED_AT]->(t:ObservationTime {season:'Summer',year:2023}) RETURN round(avg(p.pm25),2) AS avg_pm25, max(p.pm25) AS max_pm25, count(p) AS n"
q082,aggregate,"MATCH (l:Location {prefecture_en:'Tochigi Prefecture'})<-[:LOCATED_AT]-(s:Station)<-[:RECORDED_BY]-(p:ObservedPM25)-[:OBSERVED_AT]->(t:ObservationTime {season:'Autumn',year:2024}) WHERE p.pm25 >= 0 AND p.pm25 <= 500 RETURN round(avg(p.pm25),2) AS avg_pm25, max(p.pm25) AS max_pm25, count(p) AS n","MATCH (l:Location {prefecture_en:'Tochigi Prefecture'})<-[:LOCATED_AT]-(s:Station)<-[:RECORDED_BY]-(p:ObservedPM25)-[:OBSERVED_AT]->(t:ObservationTime {season:'Autumn',year:2024}) RETURN round(avg(p.pm25),2) AS avg_pm25, max(p.pm25) AS max_pm25, count(p) AS n"
q083,aggregate,"MATCH (l:Location {prefecture_en:'Kyoto Prefecture'})<-[:LOCATED_AT]-(s:Station)<-[:RECORDED_BY]-(p:ObservedPM25)-[:OBSERVED_AT]->(t:ObservationTime {season:'Summer',year:2018}) WHERE p.pm25 >= 0 AND p.pm25 <= 500 RETURN round(avg(p.pm25),2) AS avg_pm25, max(p.pm25) AS max_pm25, count(p) AS n","MATCH (l:Location {prefecture_en:'Kyoto Prefecture'})<-[:LOCATED_AT]-(s:Station)<-[:RECORDED_BY]-(p:ObservedPM25)-[:OBSERVED_AT]->(t:ObservationTime {season:'Summer',year:2018}) RETURN round(avg(p.pm25),2) AS avg_pm25, max(p.pm25) AS max_pm25, count(p) AS n"
q085,aggregate,"MATCH (l:Location {prefecture_en:'Tottori Prefecture'})<-[:LOCATED_AT]-(s:Station)<-[:RECORDED_BY]-(p:ObservedPM25)-[:OBSERVED_AT]->(t:ObservationTime {season:'Winter',year:2024}) WHERE p.pm25 >= 0 AND p.pm25 <= 500 RETURN round(avg(p.pm25),2) AS avg_pm25, max(p.pm25) AS max_pm25, count(p) AS n","MATCH (l:Location {prefecture_en:'Tottori Prefecture'})<-[:LOCATED_AT]-(s:Station)<-[:RECORDED_BY]-(p:ObservedPM25)-[:OBSERVED_AT]->(t:ObservationTime {season:'Winter',year:2024}) RETURN round(avg(p.pm25),2) AS avg_pm25, max(p.pm25) AS max_pm25, count(p) AS n"
q088,aggregate,"MATCH (l:Location {prefecture_en:'Ibaraki Prefecture'})<-[:LOCATED_AT]-(s:Station)<-[:RECORDED_BY]-(p:ObservedPM25)-[:OBSERVED_AT]->(t:ObservationTime {season:'Winter',year:2020}) WHERE p.pm25 >= 0 AND p.pm25 <= 500 RETURN round(avg(p.pm25),2) AS avg_pm25, max(p.pm25) AS max_pm25, count(p) AS n","MATCH (l:Location {prefecture_en:'Ibaraki Prefecture'})<-[:LOCATED_AT]-(s:Station)<-[:RECORDED_BY]-(p:ObservedPM25)-[:OBSERVED_AT]->(t:ObservationTime {season:'Winter',year:2020}) RETURN round(avg(p.pm25),2) AS avg_pm25, max(p.pm25) AS max_pm25, count(p) AS n"
q092,temporal,"MATCH (l:Location {prefecture_en:'Aomori Prefecture'})<-[:LOCATED_AT]-(s:Station)<-[:RECORDED_BY]-(p:ObservedPM25)-[:OBSERVED_AT]->(t:ObservationTime {year:2020}) WHERE p.pm25 >= 0 AND p.pm25 <= 500 RETURN t.season AS season, round(avg(p.pm25),2) AS avg_pm25 ORDER BY avg_pm25 DESC","MATCH (l:Location {prefecture_en:'Aomori Prefecture'})<-[:LOCATED_AT]-(s:Station)<-[:RECORDED_BY]-(p:ObservedPM25)-[:OBSERVED_AT]->(t:ObservationTime {year:2020}) RETURN t.season AS season, round(avg(p.pm25),2) AS avg_pm25 ORDER BY avg_pm25 DESC"
q093,temporal,"MATCH (l:Location {prefecture_en:'Iwate Prefecture'})<-[:LOCATED_AT]-(s:Station)<-[:RECORDED_BY]-(p:ObservedPM25)-[:OBSERVED_AT]->(t:ObservationTime) WHERE p.pm25 >= 0 AND p.pm25 <= 500 RETURN t.year AS year, round(avg(p.pm25),2) AS avg_pm25, count(p) AS n ORDER BY year","MATCH (l:Location {prefecture_en:'Iwate Prefecture'})<-[:LOCATED_AT]-(s:Station)<-[:RECORDED_BY]-(p:ObservedPM25)-[:OBSERVED_AT]->(t:ObservationTime) RETURN t.year AS year, round(avg(p.pm25),2) AS avg_pm25, count(p) AS n ORDER BY year"
q094,temporal,"MATCH (l:Location {prefecture_en:'Gunma Prefecture'})<-[:LOCATED_AT]-(s:Station)<-[:RECORDED_BY]-(p:ObservedPM25)-[:OBSERVED_AT]->(t:ObservationTime {year:2025}) WHERE p.pm25 >= 0 AND p.pm25 <= 500 RETURN t.month AS month, round(avg(p.pm25),2) AS avg_pm25 ORDER BY month","MATCH (l:Location {prefecture_en:'Gunma Prefecture'})<-[:LOCATED_AT]-(s:Station)<-[:RECORDED_BY]-(p:ObservedPM25)-[:OBSERVED_AT]->(t:ObservationTime {year:2025}) RETURN t.month AS month, round(avg(p.pm25),2) AS avg_pm25 ORDER BY month"
q095,temporal,"MATCH (l:Location {prefecture_en:'Tottori Prefecture'})<-[:LOCATED_AT]-(s:Station)<-[:RECORDED_BY]-(p:ObservedPM25)-[:OBSERVED_AT]->(t:ObservationTime {year:2025}) WHERE p.pm25 >= 0 AND p.pm25 <= 500 RETURN t.month AS month, round(avg(p.pm25),2) AS avg_pm25 ORDER BY month","MATCH (l:Location {prefecture_en:'Tottori Prefecture'})<-[:LOCATED_AT]-(s:Station)<-[:RECORDED_BY]-(p:ObservedPM25)-[:OBSERVED_AT]->(t:ObservationTime {year:2025}) RETURN t.month AS month, round(avg(p.pm25),2) AS avg_pm25 ORDER BY month"
q097,temporal,"MATCH (l:Location {prefecture_en:'Tokushima Prefecture'})<-[:LOCATED_AT]-(s:Station)<-[:RECORDED_BY]-(p:ObservedPM25)-[:OBSERVED_AT]->(t:ObservationTime {year:2025}) WHERE p.pm25 >= 0 AND p.pm25 <= 500 RETURN t.month AS month, round(avg(p.pm25),2) AS avg_pm25 ORDER BY month","MATCH (l:Location {prefecture_en:'Tokushima Prefecture'})<-[:LOCATED_AT]-(s:Station)<-[:RECORDED_BY]-(p:ObservedPM25)-[:OBSERVED_AT]->(t:ObservationTime {year:2025}) RETURN t.month AS month, round(avg(p.pm25),2) AS avg_pm25 ORDER BY month"
q098,temporal,"MATCH (l:Location {prefecture_en:'Kumamoto Prefecture'})<-[:LOCATED_AT]-(s:Station)<-[:RECORDED_BY]-(p:ObservedPM25)-[:OBSERVED_AT]->(t:ObservationTime {year:2022}) WHERE p.pm25 >= 0 AND p.pm25 <= 500 RETURN t.month AS month, round(avg(p.pm25),2) AS avg_pm25 ORDER BY month","MATCH (l:Location {prefecture_en:'Kumamoto Prefecture'})<-[:LOCATED_AT]-(s:Station)<-[:RECORDED_BY]-(p:ObservedPM25)-[:OBSERVED_AT]->(t:ObservationTime {year:2022}) RETURN t.month AS month, round(avg(p.pm25),2) AS avg_pm25 ORDER BY month"
q099,temporal,"MATCH (l:Location {prefecture_en:'Ibaraki Prefecture'})<-[:LOCATED_AT]-(s:Station)<-[:RECORDED_BY]-(p:ObservedPM25)-[:OBSERVED_AT]->(t:ObservationTime {year:2018}) WHERE p.pm25 >= 0 AND p.pm25 <= 500 RETURN t.month AS month, round(avg(p.pm25),2) AS avg_pm25 ORDER BY month","MATCH (l:Location {prefecture_en:'Ibaraki Prefecture'})<-[:LOCATED_AT]-(s:Station)<-[:RECORDED_BY]-(p:ObservedPM25)-[:OBSERVED_AT]->(t:ObservationTime {year:2018}) RETURN t.month AS month, round(avg(p.pm25),2) AS avg_pm25 ORDER BY month"
q102,temporal,"MATCH (l:Location {prefecture_en:'Oita Prefecture'})<-[:LOCATED_AT]-(s:Station)<-[:RECORDED_BY]-(p:ObservedPM25)-[:OBSERVED_AT]->(t:ObservationTime {year:2018}) WHERE p.pm25 >= 0 AND p.pm25 <= 500 RETURN t.season AS season, round(avg(p.pm25),2) AS avg_pm25 ORDER BY avg_pm25 DESC","MATCH (l:Location {prefecture_en:'Oita Prefecture'})<-[:LOCATED_AT]-(s:Station)<-[:RECORDED_BY]-(p:ObservedPM25)-[:OBSERVED_AT]->(t:ObservationTime {year:2018}) RETURN t.season AS season, round(avg(p.pm25),2) AS avg_pm25 ORDER BY avg_pm25 DESC"
q103,temporal,"MATCH (l:Location {prefecture_en:'Hokkaido Prefecture'})<-[:LOCATED_AT]-(s:Station)<-[:RECORDED_BY]-(p:ObservedPM25)-[:OBSERVED_AT]->(t:ObservationTime {year:2021}) WHERE p.pm25 >= 0 AND p.pm25 <= 500 RETURN t.season AS season, round(avg(p.pm25),2) AS avg_pm25 ORDER BY avg_pm25 DESC","MATCH (l:Location {prefecture_en:'Hokkaido Prefecture'})<-[:LOCATED_AT]-(s:Station)<-[:RECORDED_BY]-(p:ObservedPM25)-[:OBSERVED_AT]->(t:ObservationTime {year:2021}) RETURN t.season AS season, round(avg(p.pm25),2) AS avg_pm25 ORDER BY avg_pm25 DESC"
q104,temporal,"MATCH (l:Location {prefecture_en:'Hiroshima Prefecture'})<-[:LOCATED_AT]-(s:Station)<-[:RECORDED_BY]-(p:ObservedPM25)-[:OBSERVED_AT]->(t:ObservationTime {year:2018}) WHERE p.pm25 >= 0 AND p.pm25 <= 500 RETURN t.month AS month, round(avg(p.pm25),2) AS avg_pm25 ORDER BY month","MATCH (l:Location {prefecture_en:'Hiroshima Prefecture'})<-[:LOCATED_AT]-(s:Station)<-[:RECORDED_BY]-(p:ObservedPM25)-[:OBSERVED_AT]->(t:ObservationTime {year:2018}) RETURN t.month AS month, round(avg(p.pm25),2) AS avg_pm25 ORDER BY month"
q105,temporal,"MATCH (l:Location {prefecture_en:'Miyazaki Prefecture'})<-[:LOCATED_AT]-(s:Station)<-[:RECORDED_BY]-(p:ObservedPM25)-[:OBSERVED_AT]->(t:ObservationTime {year:2022}) WHERE p.pm25 >= 0 AND p.pm25 <= 500 RETURN t.season AS season, round(avg(p.pm25),2) AS avg_pm25 ORDER BY avg_pm25 DESC","MATCH (l:Location {prefecture_en:'Miyazaki Prefecture'})<-[:LOCATED_AT]-(s:Station)<-[:RECORDED_BY]-(p:ObservedPM25)-[:OBSERVED_AT]->(t:ObservationTime {year:2022}) RETURN t.season AS season, round(avg(p.pm25),2) AS avg_pm25 ORDER BY avg_pm25 DESC"
q106,temporal,"MATCH (l:Location {prefecture_en:'Aichi Prefecture'})<-[:LOCATED_AT]-(s:Station)<-[:RECORDED_BY]-(p:ObservedPM25)-[:OBSERVED_AT]->(t:ObservationTime {year:2022}) WHERE p.pm25 >= 0 AND p.pm25 <= 500 RETURN t.season AS season, round(avg(p.pm25),2) AS avg_pm25 ORDER BY avg_pm25 DESC","MATCH (l:Location {prefecture_en:'Aichi Prefecture'})<-[:LOCATED_AT]-(s:Station)<-[:RECORDED_BY]-(p:ObservedPM25)-[:OBSERVED_AT]->(t:ObservationTime {year:2022}) RETURN t.season AS season, round(avg(p.pm25),2) AS avg_pm25 ORDER BY avg_pm25 DESC"
q108,temporal,"MATCH (l:Location {prefecture_en:'Nara Prefecture'})<-[:LOCATED_AT]-(s:Station)<-[:RECORDED_BY]-(p:ObservedPM25)-[:OBSERVED_AT]->(t:ObservationTime {year:2023}) WHERE p.pm25 >= 0 AND p.pm25 <= 500 RETURN t.season AS season, round(avg(p.pm25),2) AS avg_pm25 ORDER BY avg_pm25 DESC","MATCH (l:Location {prefecture_en:'Nara Prefecture'})<-[:LOCATED_AT]-(s:Station)<-[:RECORDED_BY]-(p:ObservedPM25)-[:OBSERVED_AT]->(t:ObservationTime {year:2023}) RETURN t.season AS season, round(avg(p.pm25),2) AS avg_pm25 ORDER BY avg_pm25 DESC"
q109,temporal,"MATCH (l:Location {prefecture_en:'Shiga Prefecture'})<-[:LOCATED_AT]-(s:Station)<-[:RECORDED_BY]-(p:ObservedPM25)-[:OBSERVED_AT]->(t:ObservationTime {year:2024}) WHERE p.pm25 >= 0 AND p.pm25 <= 500 RETURN t.season AS season, round(avg(p.pm25),2) AS avg_pm25 ORDER BY avg_pm25 DESC","MATCH (l:Location {prefecture_en:'Shiga Prefecture'})<-[:LOCATED_AT]-(s:Station)<-[:RECORDED_BY]-(p:ObservedPM25)-[:OBSERVED_AT]->(t:ObservationTime {year:2024}) RETURN t.season AS season, round(avg(p.pm25),2) AS avg_pm25 ORDER BY avg_pm25 DESC"
q111,temporal,"MATCH (l:Location {prefecture_en:'Hokkaido Prefecture'})<-[:LOCATED_AT]-(s:Station)<-[:RECORDED_BY]-(p:ObservedPM25)-[:OBSERVED_AT]->(t:ObservationTime {year:2025}) WHERE p.pm25 >= 0 AND p.pm25 <= 500 RETURN t.season AS season, round(avg(p.pm25),2) AS avg_pm25 ORDER BY avg_pm25 DESC","MATCH (l:Location {prefecture_en:'Hokkaido Prefecture'})<-[:LOCATED_AT]-(s:Station)<-[:RECORDED_BY]-(p:ObservedPM25)-[:OBSERVED_AT]->(t:ObservationTime {year:2025}) RETURN t.season AS season, round(avg(p.pm25),2) AS avg_pm25 ORDER BY avg_pm25 DESC"
q112,temporal,"MATCH (l:Location {prefecture_en:'Hiroshima Prefecture'})<-[:LOCATED_AT]-(s:Station)<-[:RECORDED_BY]-(p:ObservedPM25)-[:OBSERVED_AT]->(t:ObservationTime {year:2020}) WHERE p.pm25 >= 0 AND p.pm25 <= 500 RETURN t.season AS season, round(avg(p.pm25),2) AS avg_pm25 ORDER BY avg_pm25 DESC","MATCH (l:Location {prefecture_en:'Hiroshima Prefecture'})<-[:LOCATED_AT]-(s:Station)<-[:RECORDED_BY]-(p:ObservedPM25)-[:OBSERVED_AT]->(t:ObservationTime {year:2020}) RETURN t.season AS season, round(avg(p.pm25),2) AS avg_pm25 ORDER BY avg_pm25 DESC"
q114,temporal,"MATCH (l:Location {prefecture_en:'Miyagi Prefecture'})<-[:LOCATED_AT]-(s:Station)<-[:RECORDED_BY]-(p:ObservedPM25)-[:OBSERVED_AT]->(t:ObservationTime {year:2025}) WHERE p.pm25 >= 0 AND p.pm25 <= 500 RETURN t.season AS season, round(avg(p.pm25),2) AS avg_pm25 ORDER BY avg_pm25 DESC","MATCH (l:Location {prefecture_en:'Miyagi Prefecture'})<-[:LOCATED_AT]-(s:Station)<-[:RECORDED_BY]-(p:ObservedPM25)-[:OBSERVED_AT]->(t:ObservationTime {year:2025}) RETURN t.season AS season, round(avg(p.pm25),2) AS avg_pm25 ORDER BY avg_pm25 DESC"
q115,temporal,"MATCH (l:Location {prefecture_en:'Shimane Prefecture'})<-[:LOCATED_AT]-(s:Station)<-[:RECORDED_BY]-(p:ObservedPM25)-[:OBSERVED_AT]->(t:ObservationTime {year:2023}) WHERE p.pm25 >= 0 AND p.pm25 <= 500 RETURN t.month AS month, round(avg(p.pm25),2) AS avg_pm25 ORDER BY month","MATCH (l:Location {prefecture_en:'Shimane Prefecture'})<-[:LOCATED_AT]-(s:Station)<-[:RECORDED_BY]-(p:ObservedPM25)-[:OBSERVED_AT]->(t:ObservationTime {year:2023}) RETURN t.month AS month, round(avg(p.pm25),2) AS avg_pm25 ORDER BY month"
q116,temporal,"MATCH (l:Location {prefecture_en:'Miyazaki Prefecture'})<-[:LOCATED_AT]-(s:Station)<-[:RECORDED_BY]-(p:ObservedPM25)-[:OBSERVED_AT]->(t:ObservationTime {year:2019}) WHERE p.pm25 >= 0 AND p.pm25 <= 500 RETURN t.season AS season, round(avg(p.pm25),2) AS avg_pm25 ORDER BY avg_pm25 DESC","MATCH (l:Location {prefecture_en:'Miyazaki Prefecture'})<-[:LOCATED_AT]-(s:Station)<-[:RECORDED_BY]-(p:ObservedPM25)-[:OBSERVED_AT]->(t:ObservationTime {year:2019}) RETURN t.season AS season, round(avg(p.pm25),2) AS avg_pm25 ORDER BY avg_pm25 DESC"
q117,temporal,"MATCH (l:Location {prefecture_en:'Kyoto Prefecture'})<-[:LOCATED_AT]-(s:Station)<-[:RECORDED_BY]-(p:ObservedPM25)-[:OBSERVED_AT]->(t:ObservationTime {year:2018}) WHERE p.pm25 >= 0 AND p.pm25 <= 500 RETURN t.month AS month, round(avg(p.pm25),2) AS avg_pm25 ORDER BY month","MATCH (l:Location {prefecture_en:'Kyoto Prefecture'})<-[:LOCATED_AT]-(s:Station)<-[:RECORDED_BY]-(p:ObservedPM25)-[:OBSERVED_AT]->(t:ObservationTime {year:2018}) RETURN t.month AS month, round(avg(p.pm25),2) AS avg_pm25 ORDER BY month"
q118,temporal,"MATCH (l:Location {prefecture_en:'Nara Prefecture'})<-[:LOCATED_AT]-(s:Station)<-[:RECORDED_BY]-(p:ObservedPM25)-[:OBSERVED_AT]->(t:ObservationTime {year:2019}) WHERE p.pm25 >= 0 AND p.pm25 <= 500 RETURN t.season AS season, round(avg(p.pm25),2) AS avg_pm25 ORDER BY avg_pm25 DESC","MATCH (l:Location {prefecture_en:'Nara Prefecture'})<-[:LOCATED_AT]-(s:Station)<-[:RECORDED_BY]-(p:ObservedPM25)-[:OBSERVED_AT]->(t:ObservationTime {year:2019}) RETURN t.season AS season, round(avg(p.pm25),2) AS avg_pm25 ORDER BY avg_pm25 DESC"
q120,temporal,"MATCH (l:Location {prefecture_en:'Kochi Prefecture'})<-[:LOCATED_AT]-(s:Station)<-[:RECORDED_BY]-(p:ObservedPM25)-[:OBSERVED_AT]->(t:ObservationTime {year:2021}) WHERE p.pm25 >= 0 AND p.pm25 <= 500 RETURN t.month AS month, round(avg(p.pm25),2) AS avg_pm25 ORDER BY month","MATCH (l:Location {prefecture_en:'Kochi Prefecture'})<-[:LOCATED_AT]-(s:Station)<-[:RECORDED_BY]-(p:ObservedPM25)-[:OBSERVED_AT]->(t:ObservationTime {year:2021}) RETURN t.month AS month, round(avg(p.pm25),2) AS avg_pm25 ORDER BY month"
q122,temporal,"MATCH (l:Location {prefecture_en:'Chiba Prefecture'})<-[:LOCATED_AT]-(s:Station)<-[:RECORDED_BY]-(p:ObservedPM25)-[:OBSERVED_AT]->(t:ObservationTime) WHERE p.pm25 >= 0 AND p.pm25 <= 500 RETURN t.year AS year, round(avg(p.pm25),2) AS avg_pm25, count(p) AS n ORDER BY year","MATCH (l:Location {prefecture_en:'Chiba Prefecture'})<-[:LOCATED_AT]-(s:Station)<-[:RECORDED_BY]-(p:ObservedPM25)-[:OBSERVED_AT]->(t:ObservationTime) RETURN t.year AS year, round(avg(p.pm25),2) AS avg_pm25, count(p) AS n ORDER BY year"
q123,temporal,"MATCH (l:Location {prefecture_en:'Aichi Prefecture'})<-[:LOCATED_AT]-(s:Station)<-[:RECORDED_BY]-(p:ObservedPM25)-[:OBSERVED_AT]->(t:ObservationTime {year:2022}) WHERE p.pm25 >= 0 AND p.pm25 <= 500 RETURN t.month AS month, round(avg(p.pm25),2) AS avg_pm25 ORDER BY month","MATCH (l:Location {prefecture_en:'Aichi Prefecture'})<-[:LOCATED_AT]-(s:Station)<-[:RECORDED_BY]-(p:ObservedPM25)-[:OBSERVED_AT]->(t:ObservationTime {year:2022}) RETURN t.month AS month, round(avg(p.pm25),2) AS avg_pm25 ORDER BY month"
q124,temporal,"MATCH (l:Location {prefecture_en:'Saga Prefecture'})<-[:LOCATED_AT]-(s:Station)<-[:RECORDED_BY]-(p:ObservedPM25)-[:OBSERVED_AT]->(t:ObservationTime {year:2019}) WHERE p.pm25 >= 0 AND p.pm25 <= 500 RETURN t.month AS month, round(avg(p.pm25),2) AS avg_pm25 ORDER BY month","MATCH (l:Location {prefecture_en:'Saga Prefecture'})<-[:LOCATED_AT]-(s:Station)<-[:RECORDED_BY]-(p:ObservedPM25)-[:OBSERVED_AT]->(t:ObservationTime {year:2019}) RETURN t.month AS month, round(avg(p.pm25),2) AS avg_pm25 ORDER BY month"
q125,temporal,"MATCH (l:Location {prefecture_en:'Kagoshima Prefecture'})<-[:LOCATED_AT]-(s:Station)<-[:RECORDED_BY]-(p:ObservedPM25)-[:OBSERVED_AT]->(t:ObservationTime {year:2022}) WHERE p.pm25 >= 0 AND p.pm25 <= 500 RETURN t.season AS season, round(avg(p.pm25),2) AS avg_pm25 ORDER BY avg_pm25 DESC","MATCH (l:Location {prefecture_en:'Kagoshima Prefecture'})<-[:LOCATED_AT]-(s:Station)<-[:RECORDED_BY]-(p:ObservedPM25)-[:OBSERVED_AT]->(t:ObservationTime {year:2022}) RETURN t.season AS season, round(avg(p.pm25),2) AS avg_pm25 ORDER BY avg_pm25 DESC"
q127,temporal,"MATCH (l:Location {prefecture_en:'Tochigi Prefecture'})<-[:LOCATED_AT]-(s:Station)<-[:RECORDED_BY]-(p:ObservedPM25)-[:OBSERVED_AT]->(t:ObservationTime) WHERE p.pm25 >= 0 AND p.pm25 <= 500 RETURN t.year AS year, round(avg(p.pm25),2) AS avg_pm25, count(p) AS n ORDER BY year","MATCH (l:Location {prefecture_en:'Tochigi Prefecture'})<-[:LOCATED_AT]-(s:Station)<-[:RECORDED_BY]-(p:ObservedPM25)-[:OBSERVED_AT]->(t:ObservationTime) RETURN t.year AS year, round(avg(p.pm25),2) AS avg_pm25, count(p) AS n ORDER BY year"
q128,temporal,"MATCH (l:Location {prefecture_en:'Tokushima Prefecture'})<-[:LOCATED_AT]-(s:Station)<-[:RECORDED_BY]-(p:ObservedPM25)-[:OBSERVED_AT]->(t:ObservationTime {year:2023}) WHERE p.pm25 >= 0 AND p.pm25 <= 500 RETURN t.month AS month, round(avg(p.pm25),2) AS avg_pm25 ORDER BY month","MATCH (l:Location {prefecture_en:'Tokushima Prefecture'})<-[:LOCATED_AT]-(s:Station)<-[:RECORDED_BY]-(p:ObservedPM25)-[:OBSERVED_AT]->(t:ObservationTime {year:2023}) RETURN t.month AS month, round(avg(p.pm25),2) AS avg_pm25 ORDER BY month"
q129,temporal,"MATCH (l:Location {prefecture_en:'Saitama Prefecture'})<-[:LOCATED_AT]-(s:Station)<-[:RECORDED_BY]-(p:ObservedPM25)-[:OBSERVED_AT]->(t:ObservationTime) WHERE p.pm25 >= 0 AND p.pm25 <= 500 RETURN t.year AS year, round(avg(p.pm25),2) AS avg_pm25, count(p) AS n ORDER BY year","MATCH (l:Location {prefecture_en:'Saitama Prefecture'})<-[:LOCATED_AT]-(s:Station)<-[:RECORDED_BY]-(p:ObservedPM25)-[:OBSERVED_AT]->(t:ObservationTime) RETURN t.year AS year, round(avg(p.pm25),2) AS avg_pm25, count(p) AS n ORDER BY year"
q130,temporal,"MATCH (l:Location {prefecture_en:'Oita Prefecture'})<-[:LOCATED_AT]-(s:Station)<-[:RECORDED_BY]-(p:ObservedPM25)-[:OBSERVED_AT]->(t:ObservationTime {year:2022}) WHERE p.pm25 >= 0 AND p.pm25 <= 500 RETURN t.season AS season, round(avg(p.pm25),2) AS avg_pm25 ORDER BY avg_pm25 DESC","MATCH (l:Location {prefecture_en:'Oita Prefecture'})<-[:LOCATED_AT]-(s:Station)<-[:RECORDED_BY]-(p:ObservedPM25)-[:OBSERVED_AT]->(t:ObservationTime {year:2022}) RETURN t.season AS season, round(avg(p.pm25),2) AS avg_pm25 ORDER BY avg_pm25 DESC"
q133,health_risk,"MATCH (l:Location {prefecture_en:'Gunma Prefecture'})<-[:LOCATED_AT]-(s:Station)<-[:RECORDED_BY]-(p:ObservedPM25)-[:OBSERVED_AT]->(t:ObservationTime {year:2025}) WHERE p.pm25 >= 0 AND p.pm25 <= 500 WITH count(p) AS tot, count(CASE WHEN p.pm25>35.0 THEN 1 END) AS ex RETURN tot AS total, ex AS exceedances, round(100.0*ex/tot,2) AS exceed_pct","MATCH (l:Location {prefecture_en:'Gunma Prefecture'})<-[:LOCATED_AT]-(s:Station)<-[:RECORDED_BY]-(p:ObservedPM25)-[:OBSERVED_AT]->(t:ObservationTime {year:2025}) WITH count(p) AS tot, count(CASE WHEN p.pm25>35.0 THEN 1 END) AS ex RETURN tot AS total, ex AS exceedances, round(100.0*ex/tot,2) AS exceed_pct"
q134,health_risk,"MATCH (l:Location {prefecture_en:'Fukuoka Prefecture'})<-[:LOCATED_AT]-(s:Station)<-[:RECORDED_BY]-(p:ObservedPM25)-[:OBSERVED_AT]->(t:ObservationTime {year:2022}) WHERE p.pm25 >= 0 AND p.pm25 <= 500 WITH count(p) AS tot, count(CASE WHEN p.pm25>35.0 THEN 1 END) AS ex RETURN tot AS total, ex AS exceedances, round(100.0*ex/tot,2) AS exceed_pct","MATCH (l:Location {prefecture_en:'Fukuoka Prefecture'})<-[:LOCATED_AT]-(s:Station)<-[:RECORDED_BY]-(p:ObservedPM25)-[:OBSERVED_AT]->(t:ObservationTime {year:2022}) WITH count(p) AS tot, count(CASE WHEN p.pm25>35.0 THEN 1 END) AS ex RETURN tot AS total, ex AS exceedances, round(100.0*ex/tot,2) AS exceed_pct"
q140,health_risk,"MATCH (l:Location {prefecture_en:'Fukuoka Prefecture'})<-[:LOCATED_AT]-(s:Station)<-[:RECORDED_BY]-(p:ObservedPM25)-[:OBSERVED_AT]->(t:ObservationTime {year:2023}) WHERE p.pm25 >= 0 AND p.pm25 <= 500 WITH count(p) AS tot, count(CASE WHEN p.pm25>35.0 THEN 1 END) AS ex RETURN tot AS total, ex AS exceedances, round(100.0*ex/tot,2) AS exceed_pct","MATCH (l:Location {prefecture_en:'Fukuoka Prefecture'})<-[:LOCATED_AT]-(s:Station)<-[:RECORDED_BY]-(p:ObservedPM25)-[:OBSERVED_AT]->(t:ObservationTime {year:2023}) WITH count(p) AS tot, count(CASE WHEN p.pm25>35.0 THEN 1 END) AS ex RETURN tot AS total, ex AS exceedances, round(100.0*ex/tot,2) AS exceed_pct"
q143,health_risk,"MATCH (l:Location {prefecture_en:'Fukui Prefecture'})<-[:LOCATED_AT]-(s:Station)<-[:RECORDED_BY]-(p:ObservedPM25)-[:OBSERVED_AT]->(t:ObservationTime {year:2018}) WHERE p.pm25 >= 0 AND p.pm25 <= 500 WITH count(p) AS tot, count(CASE WHEN p.pm25>35.0 THEN 1 END) AS ex RETURN tot AS total, ex AS exceedances, round(100.0*ex/tot,2) AS exceed_pct","MATCH (l:Location {prefecture_en:'Fukui Prefecture'})<-[:LOCATED_AT]-(s:Station)<-[:RECORDED_BY]-(p:ObservedPM25)-[:OBSERVED_AT]->(t:ObservationTime {year:2018}) WITH count(p) AS tot, count(CASE WHEN p.pm25>35.0 THEN 1 END) AS ex RETURN tot AS total, ex AS exceedances, round(100.0*ex/tot,2) AS exceed_pct"
q144,health_risk,"MATCH (l:Location {prefecture_en:'Kagawa Prefecture'})<-[:LOCATED_AT]-(s:Station)<-[:RECORDED_BY]-(p:ObservedPM25)-[:OBSERVED_AT]->(t:ObservationTime {year:2025}) WHERE p.pm25 >= 0 AND p.pm25 <= 500 WITH count(p) AS tot, count(CASE WHEN p.pm25>35.0 THEN 1 END) AS ex RETURN tot AS total, ex AS exceedances, round(100.0*ex/tot,2) AS exceed_pct","MATCH (l:Location {prefecture_en:'Kagawa Prefecture'})<-[:LOCATED_AT]-(s:Station)<-[:RECORDED_BY]-(p:ObservedPM25)-[:OBSERVED_AT]->(t:ObservationTime {year:2025}) WITH count(p) AS tot, count(CASE WHEN p.pm25>35.0 THEN 1 END) AS ex RETURN tot AS total, ex AS exceedances, round(100.0*ex/tot,2) AS exceed_pct"
q145,health_risk,"MATCH (l:Location {prefecture_en:'Gunma Prefecture'})<-[:LOCATED_AT]-(s:Station)<-[:RECORDED_BY]-(p:ObservedPM25)-[:OBSERVED_AT]->(t:ObservationTime {year:2019}) WHERE p.pm25 >= 0 AND p.pm25 <= 500 WITH count(p) AS tot, count(CASE WHEN p.pm25>35.0 THEN 1 END) AS ex RETURN tot AS total, ex AS exceedances, round(100.0*ex/tot,2) AS exceed_pct","MATCH (l:Location {prefecture_en:'Gunma Prefecture'})<-[:LOCATED_AT]-(s:Station)<-[:RECORDED_BY]-(p:ObservedPM25)-[:OBSERVED_AT]->(t:ObservationTime {year:2019}) WITH count(p) AS tot, count(CASE WHEN p.pm25>35.0 THEN 1 END) AS ex RETURN tot AS total, ex AS exceedances, round(100.0*ex/tot,2) AS exceed_pct"
q147,health_risk,"MATCH (l:Location {prefecture_en:'Miyagi Prefecture'})<-[:LOCATED_AT]-(s:Station)<-[:RECORDED_BY]-(p:ObservedPM25)-[:OBSERVED_AT]->(t:ObservationTime {year:2018}) WHERE p.pm25 >= 0 AND p.pm25 <= 500 WITH count(p) AS tot, count(CASE WHEN p.pm25>35.0 THEN 1 END) AS ex RETURN tot AS total, ex AS exceedances, round(100.0*ex/tot,2) AS exceed_pct","MATCH (l:Location {prefecture_en:'Miyagi Prefecture'})<-[:LOCATED_AT]-(s:Station)<-[:RECORDED_BY]-(p:ObservedPM25)-[:OBSERVED_AT]->(t:ObservationTime {year:2018}) WITH count(p) AS tot, count(CASE WHEN p.pm25>35.0 THEN 1 END) AS ex RETURN tot AS total, ex AS exceedances, round(100.0*ex/tot,2) AS exceed_pct"
q150,health_risk,"MATCH (l:Location {prefecture_en:'Gifu Prefecture'})<-[:LOCATED_AT]-(s:Station)<-[:RECORDED_BY]-(p:ObservedPM25)-[:OBSERVED_AT]->(t:ObservationTime {year:2018}) WHERE p.pm25 >= 0 AND p.pm25 <= 500 WITH count(p) AS tot, count(CASE WHEN p.pm25>35.0 THEN 1 END) AS ex RETURN tot AS total, ex AS exceedances, round(100.0*ex/tot,2) AS exceed_pct","MATCH (l:Location {prefecture_en:'Gifu Prefecture'})<-[:LOCATED_AT]-(s:Station)<-[:RECORDED_BY]-(p:ObservedPM25)-[:OBSERVED_AT]->(t:ObservationTime {year:2018}) WITH count(p) AS tot, count(CASE WHEN p.pm25>35.0 THEN 1 END) AS ex RETURN tot AS total, ex AS exceedances, round(100.0*ex/tot,2) AS exceed_pct"
q151,health_risk,"MATCH (l:Location {prefecture_en:'Akita Prefecture'})<-[:LOCATED_AT]-(s:Station)<-[:RECORDED_BY]-(p:ObservedPM25)-[:OBSERVED_AT]->(t:ObservationTime {year:2020}) WHERE p.pm25 >= 0 AND p.pm25 <= 500 WITH count(p) AS tot, count(CASE WHEN p.pm25>35.0 THEN 1 END) AS ex RETURN tot AS total, ex AS exceedances, round(100.0*ex/tot,2) AS exceed_pct","MATCH (l:Location {prefecture_en:'Akita Prefecture'})<-[:LOCATED_AT]-(s:Station)<-[:RECORDED_BY]-(p:ObservedPM25)-[:OBSERVED_AT]->(t:ObservationTime {year:2020}) WITH count(p) AS tot, count(CASE WHEN p.pm25>35.0 THEN 1 END) AS ex RETURN tot AS total, ex AS exceedances, round(100.0*ex/tot,2) AS exceed_pct"
q152,health_risk,"MATCH (l:Location {prefecture_en:'Gunma Prefecture'})<-[:LOCATED_AT]-(s:Station)<-[:RECORDED_BY]-(p:ObservedPM25)-[:OBSERVED_AT]->(t:ObservationTime {year:2018}) WHERE p.pm25 >= 0 AND p.pm25 <= 500 WITH count(p) AS tot, count(CASE WHEN p.pm25>35.0 THEN 1 END) AS ex RETURN tot AS total, ex AS exceedances, round(100.0*ex/tot,2) AS exceed_pct","MATCH (l:Location {prefecture_en:'Gunma Prefecture'})<-[:LOCATED_AT]-(s:Station)<-[:RECORDED_BY]-(p:ObservedPM25)-[:OBSERVED_AT]->(t:ObservationTime {year:2018}) WITH count(p) AS tot, count(CASE WHEN p.pm25>35.0 THEN 1 END) AS ex RETURN tot AS total, ex AS exceedances, round(100.0*ex/tot,2) AS exceed_pct"
q154,health_risk,"MATCH (l:Location {prefecture_en:'Yamagata Prefecture'})<-[:LOCATED_AT]-(s:Station)<-[:RECORDED_BY]-(p:ObservedPM25)-[:OBSERVED_AT]->(t:ObservationTime {year:2025}) WHERE p.pm25 >= 0 AND p.pm25 <= 500 WITH count(p) AS tot, count(CASE WHEN p.pm25>35.0 THEN 1 END) AS ex RETURN tot AS total, ex AS exceedances, round(100.0*ex/tot,2) AS exceed_pct","MATCH (l:Location {prefecture_en:'Yamagata Prefecture'})<-[:LOCATED_AT]-(s:Station)<-[:RECORDED_BY]-(p:ObservedPM25)-[:OBSERVED_AT]->(t:ObservationTime {year:2025}) WITH count(p) AS tot, count(CASE WHEN p.pm25>35.0 THEN 1 END) AS ex RETURN tot AS total, ex AS exceedances, round(100.0*ex/tot,2) AS exceed_pct"
q155,health_risk,"MATCH (l:Location {prefecture_en:'Okayama Prefecture'})<-[:LOCATED_AT]-(s:Station)<-[:RECORDED_BY]-(p:ObservedPM25)-[:OBSERVED_AT]->(t:ObservationTime {year:2020}) WHERE p.pm25 >= 0 AND p.pm25 <= 500 WITH count(p) AS tot, count(CASE WHEN p.pm25>35.0 THEN 1 END) AS ex RETURN tot AS total, ex AS exceedances, round(100.0*ex/tot,2) AS exceed_pct","MATCH (l:Location {prefecture_en:'Okayama Prefecture'})<-[:LOCATED_AT]-(s:Station)<-[:RECORDED_BY]-(p:ObservedPM25)-[:OBSERVED_AT]->(t:ObservationTime {year:2020}) WITH count(p) AS tot, count(CASE WHEN p.pm25>35.0 THEN 1 END) AS ex RETURN tot AS total, ex AS exceedances, round(100.0*ex/tot,2) AS exceed_pct"
q158,health_risk,"MATCH (l:Location {prefecture_en:'Tochigi Prefecture'})<-[:LOCATED_AT]-(s:Station)<-[:RECORDED_BY]-(p:ObservedPM25)-[:OBSERVED_AT]->(t:ObservationTime {year:2019}) WHERE p.pm25 >= 0 AND p.pm25 <= 500 WITH count(p) AS tot, count(CASE WHEN p.pm25>35.0 THEN 1 END) AS ex RETURN tot AS total, ex AS exceedances, round(100.0*ex/tot,2) AS exceed_pct","MATCH (l:Location {prefecture_en:'Tochigi Prefecture'})<-[:LOCATED_AT]-(s:Station)<-[:RECORDED_BY]-(p:ObservedPM25)-[:OBSERVED_AT]->(t:ObservationTime {year:2019}) WITH count(p) AS tot, count(CASE WHEN p.pm25>35.0 THEN 1 END) AS ex RETURN tot AS total, ex AS exceedances, round(100.0*ex/tot,2) AS exceed_pct"
q160,health_risk,"MATCH (l:Location {prefecture_en:'Oita Prefecture'})<-[:LOCATED_AT]-(s:Station)<-[:RECORDED_BY]-(p:ObservedPM25)-[:OBSERVED_AT]->(t:ObservationTime {year:2025}) WHERE p.pm25 >= 0 AND p.pm25 <= 500 WITH count(p) AS tot, count(CASE WHEN p.pm25>35.0 THEN 1 END) AS ex RETURN tot AS total, ex AS exceedances, round(100.0*ex/tot,2) AS exceed_pct","MATCH (l:Location {prefecture_en:'Oita Prefecture'})<-[:LOCATED_AT]-(s:Station)<-[:RECORDED_BY]-(p:ObservedPM25)-[:OBSERVED_AT]->(t:ObservationTime {year:2025}) WITH count(p) AS tot, count(CASE WHEN p.pm25>35.0 THEN 1 END) AS ex RETURN tot AS total, ex AS exceedances, round(100.0*ex/tot,2) AS exceed_pct"
q161,health_risk,"MATCH (l:Location {prefecture_en:'Shizuoka Prefecture'})<-[:LOCATED_AT]-(s:Station)<-[:RECORDED_BY]-(p:ObservedPM25)-[:OBSERVED_AT]->(t:ObservationTime {year:2025}) WHERE p.pm25 >= 0 AND p.pm25 <= 500 WITH count(p) AS tot, count(CASE WHEN p.pm25>35.0 THEN 1 END) AS ex RETURN tot AS total, ex AS exceedances, round(100.0*ex/tot,2) AS exceed_pct","MATCH (l:Location {prefecture_en:'Shizuoka Prefecture'})<-[:LOCATED_AT]-(s:Station)<-[:RECORDED_BY]-(p:ObservedPM25)-[:OBSERVED_AT]->(t:ObservationTime {year:2025}) WITH count(p) AS tot, count(CASE WHEN p.pm25>35.0 THEN 1 END) AS ex RETURN tot AS total, ex AS exceedances, round(100.0*ex/tot,2) AS exceed_pct"
q165,health_risk,"MATCH (l:Location {prefecture_en:'Kagawa Prefecture'})<-[:LOCATED_AT]-(s:Station)<-[:RECORDED_BY]-(p:ObservedPM25)-[:OBSERVED_AT]->(t:ObservationTime {year:2018}) WHERE p.pm25 >= 0 AND p.pm25 <= 500 WITH count(p) AS tot, count(CASE WHEN p.pm25>35.0 THEN 1 END) AS ex RETURN tot AS total, ex AS exceedances, round(100.0*ex/tot,2) AS exceed_pct","MATCH (l:Location {prefecture_en:'Kagawa Prefecture'})<-[:LOCATED_AT]-(s:Station)<-[:RECORDED_BY]-(p:ObservedPM25)-[:OBSERVED_AT]->(t:ObservationTime {year:2018}) WITH count(p) AS tot, count(CASE WHEN p.pm25>35.0 THEN 1 END) AS ex RETURN tot AS total, ex AS exceedances, round(100.0*ex/tot,2) AS exceed_pct"
q166,health_risk,"MATCH (l:Location {prefecture_en:'Tochigi Prefecture'})<-[:LOCATED_AT]-(s:Station)<-[:RECORDED_BY]-(p:ObservedPM25)-[:OBSERVED_AT]->(t:ObservationTime {year:2021}) WHERE p.pm25 >= 0 AND p.pm25 <= 500 WITH count(p) AS tot, count(CASE WHEN p.pm25>35.0 THEN 1 END) AS ex RETURN tot AS total, ex AS exceedances, round(100.0*ex/tot,2) AS exceed_pct","MATCH (l:Location {prefecture_en:'Tochigi Prefecture'})<-[:LOCATED_AT]-(s:Station)<-[:RECORDED_BY]-(p:ObservedPM25)-[:OBSERVED_AT]->(t:ObservationTime {year:2021}) WITH count(p) AS tot, count(CASE WHEN p.pm25>35.0 THEN 1 END) AS ex RETURN tot AS total, ex AS exceedances, round(100.0*ex/tot,2) AS exceed_pct"
q167,health_risk,"MATCH (l:Location {prefecture_en:'Mie Prefecture'})<-[:LOCATED_AT]-(s:Station)<-[:RECORDED_BY]-(p:ObservedPM25)-[:OBSERVED_AT]->(t:ObservationTime {year:2019}) WHERE p.pm25 >= 0 AND p.pm25 <= 500 WITH count(p) AS tot, count(CASE WHEN p.pm25>35.0 THEN 1 END) AS ex RETURN tot AS total, ex AS exceedances, round(100.0*ex/tot,2) AS exceed_pct","MATCH (l:Location {prefecture_en:'Mie Prefecture'})<-[:LOCATED_AT]-(s:Station)<-[:RECORDED_BY]-(p:ObservedPM25)-[:OBSERVED_AT]->(t:ObservationTime {year:2019}) WITH count(p) AS tot, count(CASE WHEN p.pm25>35.0 THEN 1 END) AS ex RETURN tot AS total, ex AS exceedances, round(100.0*ex/tot,2) AS exceed_pct"
q169,health_risk,"MATCH (l:Location {prefecture_en:'Ishikawa Prefecture'})<-[:LOCATED_AT]-(s:Station)<-[:RECORDED_BY]-(p:ObservedPM25)-[:OBSERVED_AT]->(t:ObservationTime {year:2020}) WHERE p.pm25 >= 0 AND p.pm25 <= 500 WITH count(p) AS tot, count(CASE WHEN p.pm25>35.0 THEN 1 END) AS ex RETURN tot AS total, ex AS exceedances, round(100.0*ex/tot,2) AS exceed_pct","MATCH (l:Location {prefecture_en:'Ishikawa Prefecture'})<-[:LOCATED_AT]-(s:Station)<-[:RECORDED_BY]-(p:ObservedPM25)-[:OBSERVED_AT]->(t:ObservationTime {year:2020}) WITH count(p) AS tot, count(CASE WHEN p.pm25>35.0 THEN 1 END) AS ex RETURN tot AS total, ex AS exceedances, round(100.0*ex/tot,2) AS exceed_pct"
q172,comparative,"MATCH (l:Location {prefecture_en:'Niigata Prefecture'})<-[:LOCATED_AT]-(s:Station)<-[:RECORDED_BY]-(p:ObservedPM25)-[:OBSERVED_AT]->(t:ObservationTime {year:2018}) WHERE p.pm25 >= 0 AND p.pm25 <= 500 RETURN s.stationtype_en AS station_type, round(avg(p.pm25),2) AS avg_pm25, count(p) AS n ORDER BY avg_pm25 DESC","MATCH (l:Location {prefecture_en:'Niigata Prefecture'})<-[:LOCATED_AT]-(s:Station)<-[:RECORDED_BY]-(p:ObservedPM25)-[:OBSERVED_AT]->(t:ObservationTime {year:2018}) RETURN s.stationtype_en AS station_type, round(avg(p.pm25),2) AS avg_pm25, count(p) AS n ORDER BY avg_pm25 DESC"
q173,comparative,"MATCH (l:Location {prefecture_en:'Niigata Prefecture'})<-[:LOCATED_AT]-(s:Station)<-[:RECORDED_BY]-(p:ObservedPM25)-[:OBSERVED_AT]->(t:ObservationTime {year:2020}) WHERE p.pm25 >= 0 AND p.pm25 <= 500 RETURN s.stationtype_en AS station_type, round(avg(p.pm25),2) AS avg_pm25, count(p) AS n ORDER BY avg_pm25 DESC","MATCH (l:Location {prefecture_en:'Niigata Prefecture'})<-[:LOCATED_AT]-(s:Station)<-[:RECORDED_BY]-(p:ObservedPM25)-[:OBSERVED_AT]->(t:ObservationTime {year:2020}) RETURN s.stationtype_en AS station_type, round(avg(p.pm25),2) AS avg_pm25, count(p) AS n ORDER BY avg_pm25 DESC"
q174,comparative,"MATCH (l:Location {prefecture_en:'Shiga Prefecture'})<-[:LOCATED_AT]-(s:Station)<-[:RECORDED_BY]-(p:ObservedPM25)-[:OBSERVED_AT]->(t:ObservationTime {year:2018}) WHERE p.pm25 >= 0 AND p.pm25 <= 500 RETURN s.stationtype_en AS station_type, round(avg(p.pm25),2) AS avg_pm25, count(p) AS n ORDER BY avg_pm25 DESC","MATCH (l:Location {prefecture_en:'Shiga Prefecture'})<-[:LOCATED_AT]-(s:Station)<-[:RECORDED_BY]-(p:ObservedPM25)-[:OBSERVED_AT]->(t:ObservationTime {year:2018}) RETURN s.stationtype_en AS station_type, round(avg(p.pm25),2) AS avg_pm25, count(p) AS n ORDER BY avg_pm25 DESC"
q175,comparative,"MATCH (l:Location {prefecture_en:'Kumamoto Prefecture'})<-[:LOCATED_AT]-(s:Station)<-[:RECORDED_BY]-(p:ObservedPM25)-[:OBSERVED_AT]->(t:ObservationTime {year:2021}) WHERE p.pm25 >= 0 AND p.pm25 <= 500 RETURN s.stationtype_en AS station_type, round(avg(p.pm25),2) AS avg_pm25, count(p) AS n ORDER BY avg_pm25 DESC","MATCH (l:Location {prefecture_en:'Kumamoto Prefecture'})<-[:LOCATED_AT]-(s:Station)<-[:RECORDED_BY]-(p:ObservedPM25)-[:OBSERVED_AT]->(t:ObservationTime {year:2021}) RETURN s.stationtype_en AS station_type, round(avg(p.pm25),2) AS avg_pm25, count(p) AS n ORDER BY avg_pm25 DESC"
q176,comparative,"MATCH (l:Location {prefecture_en:'Toyama Prefecture'})<-[:LOCATED_AT]-(s:Station)<-[:RECORDED_BY]-(p:ObservedPM25)-[:OBSERVED_AT]->(t:ObservationTime {year:2023}) WHERE p.pm25 >= 0 AND p.pm25 <= 500 RETURN s.stationtype_en AS station_type, round(avg(p.pm25),2) AS avg_pm25, count(p) AS n ORDER BY avg_pm25 DESC","MATCH (l:Location {prefecture_en:'Toyama Prefecture'})<-[:LOCATED_AT]-(s:Station)<-[:RECORDED_BY]-(p:ObservedPM25)-[:OBSERVED_AT]->(t:ObservationTime {year:2023}) RETURN s.stationtype_en AS station_type, round(avg(p.pm25),2) AS avg_pm25, count(p) AS n ORDER BY avg_pm25 DESC"
q177,comparative,"MATCH (l:Location {prefecture_en:'Saga Prefecture'})<-[:LOCATED_AT]-(s:Station)<-[:RECORDED_BY]-(p:ObservedPM25)-[:OBSERVED_AT]->(t:ObservationTime {year:2020}) WHERE p.pm25 >= 0 AND p.pm25 <= 500 RETURN s.stationtype_en AS station_type, round(avg(p.pm25),2) AS avg_pm25, count(p) AS n ORDER BY avg_pm25 DESC","MATCH (l:Location {prefecture_en:'Saga Prefecture'})<-[:LOCATED_AT]-(s:Station)<-[:RECORDED_BY]-(p:ObservedPM25)-[:OBSERVED_AT]->(t:ObservationTime {year:2020}) RETURN s.stationtype_en AS station_type, round(avg(p.pm25),2) AS avg_pm25, count(p) AS n ORDER BY avg_pm25 DESC"
q178,comparative,"MATCH (l:Location {prefecture_en:'Shiga Prefecture'})<-[:LOCATED_AT]-(s:Station)<-[:RECORDED_BY]-(p:ObservedPM25)-[:OBSERVED_AT]->(t:ObservationTime {year:2025}) WHERE p.pm25 >= 0 AND p.pm25 <= 500 RETURN s.stationtype_en AS station_type, round(avg(p.pm25),2) AS avg_pm25, count(p) AS n ORDER BY avg_pm25 DESC","MATCH (l:Location {prefecture_en:'Shiga Prefecture'})<-[:LOCATED_AT]-(s:Station)<-[:RECORDED_BY]-(p:ObservedPM25)-[:OBSERVED_AT]->(t:ObservationTime {year:2025}) RETURN s.stationtype_en AS station_type, round(avg(p.pm25),2) AS avg_pm25, count(p) AS n ORDER BY avg_pm25 DESC"
q179,comparative,"MATCH (l:Location {prefecture_en:'Yamagata Prefecture'})<-[:LOCATED_AT]-(s:Station)<-[:RECORDED_BY]-(p:ObservedPM25)-[:OBSERVED_AT]->(t:ObservationTime {year:2021}) WHERE p.pm25 >= 0 AND p.pm25 <= 500 WITH s, round(avg(p.pm25),2) AS avg_pm25, count(p) AS n WHERE n>100 RETURN s.stationname_en AS station, avg_pm25 ORDER BY avg_pm25 DESC LIMIT 10","MATCH (l:Location {prefecture_en:'Yamagata Prefecture'})<-[:LOCATED_AT]-(s:Station)<-[:RECORDED_BY]-(p:ObservedPM25)-[:OBSERVED_AT]->(t:ObservationTime {year:2021}) WITH s, round(avg(p.pm25),2) AS avg_pm25, count(p) AS n WHERE n>100 RETURN s.stationname_en AS station, avg_pm25 ORDER BY avg_pm25 DESC LIMIT 10"
q180,comparative,"MATCH (l:Location {prefecture_en:'Akita Prefecture'})<-[:LOCATED_AT]-(s:Station)<-[:RECORDED_BY]-(p:ObservedPM25)-[:OBSERVED_AT]->(t:ObservationTime {year:2019}) WHERE p.pm25 >= 0 AND p.pm25 <= 500 RETURN s.stationtype_en AS station_type, round(avg(p.pm25),2) AS avg_pm25, count(p) AS n ORDER BY avg_pm25 DESC","MATCH (l:Location {prefecture_en:'Akita Prefecture'})<-[:LOCATED_AT]-(s:Station)<-[:RECORDED_BY]-(p:ObservedPM25)-[:OBSERVED_AT]->(t:ObservationTime {year:2019}) RETURN s.stationtype_en AS station_type, round(avg(p.pm25),2) AS avg_pm25, count(p) AS n ORDER BY avg_pm25 DESC"
q181,comparative,"MATCH (l:Location {prefecture_en:'Tottori Prefecture'})<-[:LOCATED_AT]-(s:Station)<-[:RECORDED_BY]-(p:ObservedPM25)-[:OBSERVED_AT]->(t:ObservationTime {year:2022}) WHERE p.pm25 >= 0 AND p.pm25 <= 500 WITH s, round(avg(p.pm25),2) AS avg_pm25, count(p) AS n WHERE n>100 RETURN s.stationname_en AS station, avg_pm25 ORDER BY avg_pm25 DESC LIMIT 10","MATCH (l:Location {prefecture_en:'Tottori Prefecture'})<-[:LOCATED_AT]-(s:Station)<-[:RECORDED_BY]-(p:ObservedPM25)-[:OBSERVED_AT]->(t:ObservationTime {year:2022}) WITH s, round(avg(p.pm25),2) AS avg_pm25, count(p) AS n WHERE n>100 RETURN s.stationname_en AS station, avg_pm25 ORDER BY avg_pm25 DESC LIMIT 10"
q184,comparative,"MATCH (l:Location {prefecture_en:'Shiga Prefecture'})<-[:LOCATED_AT]-(s:Station)<-[:RECORDED_BY]-(p:ObservedPM25)-[:OBSERVED_AT]->(t:ObservationTime {year:2018}) WHERE p.pm25 >= 0 AND p.pm25 <= 500 WITH s, round(avg(p.pm25),2) AS avg_pm25, count(p) AS n WHERE n>100 RETURN s.stationname_en AS station, avg_pm25 ORDER BY avg_pm25 DESC LIMIT 10","MATCH (l:Location {prefecture_en:'Shiga Prefecture'})<-[:LOCATED_AT]-(s:Station)<-[:RECORDED_BY]-(p:ObservedPM25)-[:OBSERVED_AT]->(t:ObservationTime {year:2018}) WITH s, round(avg(p.pm25),2) AS avg_pm25, count(p) AS n WHERE n>100 RETURN s.stationname_en AS station, avg_pm25 ORDER BY avg_pm25 DESC LIMIT 10"
q185,comparative,"MATCH (l:Location {prefecture_en:'Hiroshima Prefecture'})<-[:LOCATED_AT]-(s:Station)<-[:RECORDED_BY]-(p:ObservedPM25)-[:OBSERVED_AT]->(t:ObservationTime {year:2022}) WHERE p.pm25 >= 0 AND p.pm25 <= 500 WITH s, round(avg(p.pm25),2) AS avg_pm25, count(p) AS n WHERE n>100 RETURN s.stationname_en AS station, avg_pm25 ORDER BY avg_pm25 DESC LIMIT 10","MATCH (l:Location {prefecture_en:'Hiroshima Prefecture'})<-[:LOCATED_AT]-(s:Station)<-[:RECORDED_BY]-(p:ObservedPM25)-[:OBSERVED_AT]->(t:ObservationTime {year:2022}) WITH s, round(avg(p.pm25),2) AS avg_pm25, count(p) AS n WHERE n>100 RETURN s.stationname_en AS station, avg_pm25 ORDER BY avg_pm25 DESC LIMIT 10"
q186,comparative,"MATCH (l:Location {prefecture_en:'Saitama Prefecture'})<-[:LOCATED_AT]-(s:Station)<-[:RECORDED_BY]-(p:ObservedPM25)-[:OBSERVED_AT]->(t:ObservationTime {year:2018}) WHERE p.pm25 >= 0 AND p.pm25 <= 500 WITH s, round(avg(p.pm25),2) AS avg_pm25, count(p) AS n WHERE n>100 RETURN s.stationname_en AS station, avg_pm25 ORDER BY avg_pm25 DESC LIMIT 10","MATCH (l:Location {prefecture_en:'Saitama Prefecture'})<-[:LOCATED_AT]-(s:Station)<-[:RECORDED_BY]-(p:ObservedPM25)-[:OBSERVED_AT]->(t:ObservationTime {year:2018}) WITH s, round(avg(p.pm25),2) AS avg_pm25, count(p) AS n WHERE n>100 RETURN s.stationname_en AS station, avg_pm25 ORDER BY avg_pm25 DESC LIMIT 10"
q188,comparative,"MATCH (l:Location {prefecture_en:'Shizuoka Prefecture'})<-[:LOCATED_AT]-(s:Station)<-[:RECORDED_BY]-(p:ObservedPM25)-[:OBSERVED_AT]->(t:ObservationTime {year:2022}) WHERE p.pm25 >= 0 AND p.pm25 <= 500 WITH s, round(avg(p.pm25),2) AS avg_pm25, count(p) AS n WHERE n>100 RETURN s.stationname_en AS station, avg_pm25 ORDER BY avg_pm25 DESC LIMIT 10","MATCH (l:Location {prefecture_en:'Shizuoka Prefecture'})<-[:LOCATED_AT]-(s:Station)<-[:RECORDED_BY]-(p:ObservedPM25)-[:OBSERVED_AT]->(t:ObservationTime {year:2022}) WITH s, round(avg(p.pm25),2) AS avg_pm25, count(p) AS n WHERE n>100 RETURN s.stationname_en AS station, avg_pm25 ORDER BY avg_pm25 DESC LIMIT 10"
q189,comparative,"MATCH (l:Location {prefecture_en:'Gifu Prefecture'})<-[:LOCATED_AT]-(s:Station)<-[:RECORDED_BY]-(p:ObservedPM25)-[:OBSERVED_AT]->(t:ObservationTime {year:2020}) WHERE p.pm25 >= 0 AND p.pm25 <= 500 WITH s, round(avg(p.pm25),2) AS avg_pm25, count(p) AS n WHERE n>100 RETURN s.stationname_en AS station, avg_pm25 ORDER BY avg_pm25 DESC LIMIT 10","MATCH (l:Location {prefecture_en:'Gifu Prefecture'})<-[:LOCATED_AT]-(s:Station)<-[:RECORDED_BY]-(p:ObservedPM25)-[:OBSERVED_AT]->(t:ObservationTime {year:2020}) WITH s, round(avg(p.pm25),2) AS avg_pm25, count(p) AS n WHERE n>100 RETURN s.stationname_en AS station, avg_pm25 ORDER BY avg_pm25 DESC LIMIT 10"
q191,comparative,"MATCH (l:Location {prefecture_en:'Saga Prefecture'})<-[:LOCATED_AT]-(s:Station)<-[:RECORDED_BY]-(p:ObservedPM25)-[:OBSERVED_AT]->(t:ObservationTime {year:2023}) WHERE p.pm25 >= 0 AND p.pm25 <= 500 RETURN s.stationtype_en AS station_type, round(avg(p.pm25),2) AS avg_pm25, count(p) AS n ORDER BY avg_pm25 DESC","MATCH (l:Location {prefecture_en:'Saga Prefecture'})<-[:LOCATED_AT]-(s:Station)<-[:RECORDED_BY]-(p:ObservedPM25)-[:OBSERVED_AT]->(t:ObservationTime {year:2023}) RETURN s.stationtype_en AS station_type, round(avg(p.pm25),2) AS avg_pm25, count(p) AS n ORDER BY avg_pm25 DESC"
q192,comparative,"MATCH (l:Location {prefecture_en:'Chiba Prefecture'})<-[:LOCATED_AT]-(s:Station)<-[:RECORDED_BY]-(p:ObservedPM25)-[:OBSERVED_AT]->(t:ObservationTime {year:2018}) WHERE p.pm25 >= 0 AND p.pm25 <= 500 RETURN s.stationtype_en AS station_type, round(avg(p.pm25),2) AS avg_pm25, count(p) AS n ORDER BY avg_pm25 DESC","MATCH (l:Location {prefecture_en:'Chiba Prefecture'})<-[:LOCATED_AT]-(s:Station)<-[:RECORDED_BY]-(p:ObservedPM25)-[:OBSERVED_AT]->(t:ObservationTime {year:2018}) RETURN s.stationtype_en AS station_type, round(avg(p.pm25),2) AS avg_pm25, count(p) AS n ORDER BY avg_pm25 DESC"
q194,comparative,"MATCH (l:Location {prefecture_en:'Toyama Prefecture'})<-[:LOCATED_AT]-(s:Station)<-[:RECORDED_BY]-(p:ObservedPM25)-[:OBSERVED_AT]->(t:ObservationTime {year:2020}) WHERE p.pm25 >= 0 AND p.pm25 <= 500 RETURN s.stationtype_en AS station_type, round(avg(p.pm25),2) AS avg_pm25, count(p) AS n ORDER BY avg_pm25 DESC","MATCH (l:Location {prefecture_en:'Toyama Prefecture'})<-[:LOCATED_AT]-(s:Station)<-[:RECORDED_BY]-(p:ObservedPM25)-[:OBSERVED_AT]->(t:ObservationTime {year:2020}) RETURN s.stationtype_en AS station_type, round(avg(p.pm25),2) AS avg_pm25, count(p) AS n ORDER BY avg_pm25 DESC"
q195,comparative,"MATCH (l:Location {prefecture_en:'Miyagi Prefecture'})<-[:LOCATED_AT]-(s:Station)<-[:RECORDED_BY]-(p:ObservedPM25)-[:OBSERVED_AT]->(t:ObservationTime {year:2024}) WHERE p.pm25 >= 0 AND p.pm25 <= 500 RETURN s.stationtype_en AS station_type, round(avg(p.pm25),2) AS avg_pm25, count(p) AS n ORDER BY avg_pm25 DESC","MATCH (l:Location {prefecture_en:'Miyagi Prefecture'})<-[:LOCATED_AT]-(s:Station)<-[:RECORDED_BY]-(p:ObservedPM25)-[:OBSERVED_AT]->(t:ObservationTime {year:2024}) RETURN s.stationtype_en AS station_type, round(avg(p.pm25),2) AS avg_pm25, count(p) AS n ORDER BY avg_pm25 DESC"
q196,comparative,"MATCH (l:Location {prefecture_en:'Nagasaki Prefecture'})<-[:LOCATED_AT]-(s:Station)<-[:RECORDED_BY]-(p:ObservedPM25)-[:OBSERVED_AT]->(t:ObservationTime {year:2025}) WHERE p.pm25 >= 0 AND p.pm25 <= 500 WITH s, round(avg(p.pm25),2) AS avg_pm25, count(p) AS n WHERE n>100 RETURN s.stationname_en AS station, avg_pm25 ORDER BY avg_pm25 DESC LIMIT 10","MATCH (l:Location {prefecture_en:'Nagasaki Prefecture'})<-[:LOCATED_AT]-(s:Station)<-[:RECORDED_BY]-(p:ObservedPM25)-[:OBSERVED_AT]->(t:ObservationTime {year:2025}) WITH s, round(avg(p.pm25),2) AS avg_pm25, count(p) AS n WHERE n>100 RETURN s.stationname_en AS station, avg_pm25 ORDER BY avg_pm25 DESC LIMIT 10"
q197,comparative,"MATCH (l:Location {prefecture_en:'Yamagata Prefecture'})<-[:LOCATED_AT]-(s:Station)<-[:RECORDED_BY]-(p:ObservedPM25)-[:OBSERVED_AT]->(t:ObservationTime {year:2024}) WHERE p.pm25 >= 0 AND p.pm25 <= 500 RETURN s.stationtype_en AS station_type, round(avg(p.pm25),2) AS avg_pm25, count(p) AS n ORDER BY avg_pm25 DESC","MATCH (l:Location {prefecture_en:'Yamagata Prefecture'})<-[:LOCATED_AT]-(s:Station)<-[:RECORDED_BY]-(p:ObservedPM25)-[:OBSERVED_AT]->(t:ObservationTime {year:2024}) RETURN s.stationtype_en AS station_type, round(avg(p.pm25),2) AS avg_pm25, count(p) AS n ORDER BY avg_pm25 DESC"
q198,comparative,"MATCH (l:Location {prefecture_en:'Okinawa Prefecture'})<-[:LOCATED_AT]-(s:Station)<-[:RECORDED_BY]-(p:ObservedPM25)-[:OBSERVED_AT]->(t:ObservationTime {year:2024}) WHERE p.pm25 >= 0 AND p.pm25 <= 500 RETURN s.stationtype_en AS station_type, round(avg(p.pm25),2) AS avg_pm25, count(p) AS n ORDER BY avg_pm25 DESC","MATCH (l:Location {prefecture_en:'Okinawa Prefecture'})<-[:LOCATED_AT]-(s:Station)<-[:RECORDED_BY]-(p:ObservedPM25)-[:OBSERVED_AT]->(t:ObservationTime {year:2024}) RETURN s.stationtype_en AS station_type, round(avg(p.pm25),2) AS avg_pm25, count(p) AS n ORDER BY avg_pm25 DESC"
